[
  {
    "model": "auth.group",
    "fields": {
      "name": "AdeaZeit Admin",
      "permissions": []
    }
  },
  {
    "model": "auth.group",
    "fields": {
      "name": "AdeaZeit Manager",
      "permissions": []
    }
  },
  {
    "model": "auth.group",
    "fields": {
      "name": "AdeaZeit Mitarbeiter",
      "permissions": []
    }
  },
  {
    "model": "auth.user",
    "fields": {
      "password": "pbkdf2_sha256$870000$kIYhDDxGohdjP2ix2WQ9hz$JvKDWf26fwOKExlXF0YT8lSPSDZ9hMETRIdLJtr6nbQ=",
      "last_login": "2025-12-02T12:51:42.437Z",
      "is_superuser": true,
      "username": "Aivanova",
      "first_name": "",
      "last_name": "",
      "email": "alexandra@adea-treuhand.ch",
      "is_staff": true,
      "is_active": true,
      "date_joined": "2025-11-20T12:53:34.741Z",
      "groups": [],
      "user_permissions": []
    }
  },
  {
    "model": "auth.user",
    "fields": {
      "password": "pbkdf2_sha256$870000$tl0uyhbI1Ihl1nAqDjksb5$kbkuGYHuL2I4kSlEigOJTi0MFbqjY/C3g1NEgXGPB+0=",
      "last_login": "2025-12-01T09:05:03.907Z",
      "is_superuser": false,
      "username": "ai",
      "first_name": "Alexandra",
      "last_name": "Ivanova",
      "email": "alexandra@adea-treuhand.ch",
      "is_staff": false,
      "is_active": true,
      "date_joined": "2025-11-25T08:19:53.258Z",
      "groups": [
        [
          "AdeaZeit Mitarbeiter"
        ]
      ],
      "user_permissions": []
    }
  },
  {
    "model": "auth.user",
    "fields": {
      "password": "pbkdf2_sha256$870000$wgcNx5mjd3Q4m9nKlbdolk$SCpmb4ii5X7FY2h1BbhGb3t14z9krE3ZiCMcejJxxug=",
      "last_login": null,
      "is_superuser": false,
      "username": "ei",
      "first_name": "Eugen",
      "last_name": "Ivanov",
      "email": "info@adea-treuhand.ch",
      "is_staff": false,
      "is_active": true,
      "date_joined": "2025-11-25T08:21:21.839Z",
      "groups": [
        [
          "AdeaZeit Mitarbeiter"
        ]
      ],
      "user_permissions": []
    }
  },
  {
    "model": "adeacore.client",
    "pk": 1,
    "fields": {
      "name": "Test",
      "client_type": "FIRMA",
      "status": "AKTIV",
      "status_grund": "",
      "status_geaendert_am": null,
      "email": null,
      "phone": "",
      "kontaktperson_name": "",
      "street": "",
      "house_number": "",
      "zipcode": "",
      "city": "",
      "mwst_pflichtig": true,
      "mwst_nr": "",
      "rechnungs_email": null,
      "zahlungsziel_tage": 30,
      "geburtsdatum": null,
      "steuerkanton": "",
      "interne_notizen": "",
      "lohn_aktiv": true,
      "sachbearbeiter": null,
      "created_at": "2025-11-20T12:36:06.504Z",
      "updated_at": "2025-11-26T13:41:27.828Z"
    }
  },
  {
    "model": "adeacore.client",
    "pk": 2,
    "fields": {
      "name": "Lora Hinkel",
      "client_type": "FIRMA",
      "status": "AKTIV",
      "status_grund": "",
      "status_geaendert_am": null,
      "email": "info@es-ah.com",
      "phone": "",
      "kontaktperson_name": "Alexander Hinkel",
      "street": "Gehrenweg",
      "house_number": "55",
      "zipcode": "4325",
      "city": "Schupfahrt",
      "mwst_pflichtig": true,
      "mwst_nr": "CHE-358.718.079",
      "rechnungs_email": null,
      "zahlungsziel_tage": 10,
      "geburtsdatum": null,
      "steuerkanton": "",
      "interne_notizen": "",
      "lohn_aktiv": false,
      "sachbearbeiter": null,
      "created_at": "2025-11-20T13:07:16.279Z",
      "updated_at": "2025-11-26T15:50:23.159Z"
    }
  },
  {
    "model": "adeacore.client",
    "pk": 3,
    "fields": {
      "name": "Gorshkov Trade House",
      "client_type": "FIRMA",
      "status": "AKTIV",
      "status_grund": "",
      "status_geaendert_am": null,
      "email": "gthouse@mail.ch",
      "phone": "+41 77 934 69 13",
      "kontaktperson_name": "Andrey Gorshkov",
      "street": "Baarerstrasse",
      "house_number": "75",
      "zipcode": "6300",
      "city": "Zug",
      "mwst_pflichtig": true,
      "mwst_nr": "CHE-202.574.655",
      "rechnungs_email": null,
      "zahlungsziel_tage": 10,
      "geburtsdatum": null,
      "steuerkanton": "",
      "interne_notizen": "",
      "lohn_aktiv": false,
      "sachbearbeiter": null,
      "created_at": "2025-11-20T13:21:20.451Z",
      "updated_at": "2025-11-26T15:48:33.714Z"
    }
  },
  {
    "model": "adeacore.client",
    "pk": 4,
    "fields": {
      "name": "RHC Invest GmbH",
      "client_type": "FIRMA",
      "status": "AKTIV",
      "status_grund": "",
      "status_geaendert_am": null,
      "email": "rolfhofmann@ethz.ch",
      "phone": "+41 79 235 80 61",
      "kontaktperson_name": "Rolf Hofmann",
      "street": "Rikonerstrasse",
      "house_number": "7",
      "zipcode": "8310",
      "city": "Grafstal",
      "mwst_pflichtig": false,
      "mwst_nr": "CHE-357.173.591",
      "rechnungs_email": null,
      "zahlungsziel_tage": 10,
      "geburtsdatum": null,
      "steuerkanton": "",
      "interne_notizen": "",
      "lohn_aktiv": false,
      "sachbearbeiter": null,
      "created_at": "2025-11-20T13:25:01.702Z",
      "updated_at": "2025-11-26T15:54:41.608Z"
    }
  },
  {
    "model": "adeacore.client",
    "pk": 5,
    "fields": {
      "name": "Tennisschule Haymann",
      "client_type": "FIRMA",
      "status": "AKTIV",
      "status_grund": "",
      "status_geaendert_am": null,
      "email": "shaymann85@icloud.com",
      "phone": "+41 79 291 62 31",
      "kontaktperson_name": "Svenja Haymann",
      "street": "Dorfstrasse",
      "house_number": "2",
      "zipcode": "8916",
      "city": "Jonen",
      "mwst_pflichtig": false,
      "mwst_nr": "",
      "rechnungs_email": null,
      "zahlungsziel_tage": 30,
      "geburtsdatum": null,
      "steuerkanton": "",
      "interne_notizen": "",
      "lohn_aktiv": false,
      "sachbearbeiter": null,
      "created_at": "2025-11-20T13:27:46.376Z",
      "updated_at": "2025-11-26T15:56:37.571Z"
    }
  },
  {
    "model": "adeacore.client",
    "pk": 6,
    "fields": {
      "name": "QMCert GmbH",
      "client_type": "FIRMA",
      "status": "AKTIV",
      "status_grund": "",
      "status_geaendert_am": null,
      "email": "anastasia.schamberger@qmcert.ch",
      "phone": "+41 78 351 79 81",
      "kontaktperson_name": "Anastasia Schamberger",
      "street": "Wilstrasse",
      "house_number": "109",
      "zipcode": "8600",
      "city": "Dübendorf",
      "mwst_pflichtig": true,
      "mwst_nr": "CHE-477.102.057",
      "rechnungs_email": null,
      "zahlungsziel_tage": 10,
      "geburtsdatum": null,
      "steuerkanton": "",
      "interne_notizen": "",
      "lohn_aktiv": true,
      "sachbearbeiter": 1,
      "created_at": "2025-11-20T13:30:38.533Z",
      "updated_at": "2025-11-26T15:52:48.355Z"
    }
  },
  {
    "model": "adeacore.client",
    "pk": 7,
    "fields": {
      "name": "Wasana Bunphang",
      "client_type": "FIRMA",
      "status": "AKTIV",
      "status_grund": "",
      "status_geaendert_am": null,
      "email": "prompi@hotmail.com",
      "phone": "+41 78 810 23 88",
      "kontaktperson_name": "Prompong Langnak",
      "street": "Alte Bahnhofstrasse",
      "house_number": "1",
      "zipcode": "5610",
      "city": "Wohlen",
      "mwst_pflichtig": false,
      "mwst_nr": "",
      "rechnungs_email": null,
      "zahlungsziel_tage": 30,
      "geburtsdatum": null,
      "steuerkanton": "",
      "interne_notizen": "",
      "lohn_aktiv": false,
      "sachbearbeiter": null,
      "created_at": "2025-11-25T08:25:57.970Z",
      "updated_at": "2025-11-26T16:00:26.834Z"
    }
  },
  {
    "model": "adeacore.client",
    "pk": 8,
    "fields": {
      "name": "Thomas und Marion Welti",
      "client_type": "PRIVAT",
      "status": "AKTIV",
      "status_grund": "",
      "status_geaendert_am": null,
      "email": null,
      "phone": "+41 79 175 71 60",
      "kontaktperson_name": "",
      "street": "Ringstrasse",
      "house_number": "50",
      "zipcode": "5620",
      "city": "Bremgarten",
      "mwst_pflichtig": false,
      "mwst_nr": "",
      "rechnungs_email": null,
      "zahlungsziel_tage": 30,
      "geburtsdatum": null,
      "steuerkanton": "AG",
      "interne_notizen": "",
      "lohn_aktiv": false,
      "sachbearbeiter": null,
      "created_at": "2025-11-25T08:27:40.247Z",
      "updated_at": "2025-11-26T15:57:57.902Z"
    }
  },
  {
    "model": "adeacore.client",
    "pk": 9,
    "fields": {
      "name": "Furrer Networks",
      "client_type": "FIRMA",
      "status": "AKTIV",
      "status_grund": "",
      "status_geaendert_am": null,
      "email": "info@furrer-networks.com",
      "phone": "+41765311571",
      "kontaktperson_name": "Aneta Caradiova",
      "street": "Gustav Zeiler-Ring",
      "house_number": "2",
      "zipcode": "5600",
      "city": "Lenzburg",
      "mwst_pflichtig": true,
      "mwst_nr": "CHE-131.474.558",
      "rechnungs_email": null,
      "zahlungsziel_tage": 10,
      "geburtsdatum": null,
      "steuerkanton": "",
      "interne_notizen": "",
      "lohn_aktiv": false,
      "sachbearbeiter": null,
      "created_at": "2025-11-25T08:31:17.193Z",
      "updated_at": "2025-11-26T14:20:53.433Z"
    }
  },
  {
    "model": "adeacore.client",
    "pk": 10,
    "fields": {
      "name": "Stolvations GmbH",
      "client_type": "FIRMA",
      "status": "AKTIV",
      "status_grund": "",
      "status_geaendert_am": "2025-11-26T15:13:02.367Z",
      "email": "steffen.corbe@stolvations.com",
      "phone": "+41 77 286 92 05",
      "kontaktperson_name": "Steffen Corbe",
      "street": "Rütistrasse",
      "house_number": "10",
      "zipcode": "8952",
      "city": "Schlieren",
      "mwst_pflichtig": true,
      "mwst_nr": "CHE-151.868.802",
      "rechnungs_email": null,
      "zahlungsziel_tage": 10,
      "geburtsdatum": null,
      "steuerkanton": "",
      "interne_notizen": "",
      "lohn_aktiv": false,
      "sachbearbeiter": null,
      "created_at": "2025-11-26T08:55:44.229Z",
      "updated_at": "2025-11-26T15:19:35.186Z"
    }
  },
  {
    "model": "adeacore.client",
    "pk": 12,
    "fields": {
      "name": "Smart Bau Group GmbH",
      "client_type": "FIRMA",
      "status": "AKTIV",
      "status_grund": "",
      "status_geaendert_am": null,
      "email": null,
      "phone": "",
      "kontaktperson_name": "Aneta Dunko",
      "street": "",
      "house_number": "",
      "zipcode": "",
      "city": "",
      "mwst_pflichtig": false,
      "mwst_nr": "CHE-313.821.083",
      "rechnungs_email": null,
      "zahlungsziel_tage": 30,
      "geburtsdatum": null,
      "steuerkanton": "",
      "interne_notizen": "",
      "lohn_aktiv": false,
      "sachbearbeiter": null,
      "created_at": "2025-12-01T09:04:51.097Z",
      "updated_at": "2025-12-01T09:04:51.097Z"
    }
  },
  {
    "model": "adeazeit.userprofile",
    "pk": 1,
    "fields": {
      "user": [
        "ai"
      ],
      "employee": 1,
      "created_at": "2025-11-25T08:19:54.285Z",
      "updated_at": "2025-11-25T08:19:54.286Z"
    }
  },
  {
    "model": "adeazeit.userprofile",
    "pk": 2,
    "fields": {
      "user": [
        "ei"
      ],
      "employee": 2,
      "created_at": "2025-11-25T08:21:22.685Z",
      "updated_at": "2025-11-25T08:21:22.686Z"
    }
  },
  {
    "model": "adeazeit.employeeinternal",
    "pk": 1,
    "fields": {
      "code": "AI",
      "name": "Alexandra Ivanova",
      "function_title": "Inhaberin",
      "rolle": "Fachfrau Finanz- und Rechnungswesen mit eidg. FA",
      "employment_percent": "60.00",
      "weekly_soll_hours": "40.00",
      "weekly_working_days": "5.0",
      "vacation_days_per_year": "65.00",
      "work_canton": "AG",
      "holiday_model": "AIadmin",
      "employment_start": "2019-03-01",
      "employment_end": null,
      "eintrittsdatum": "2019-03-01",
      "austrittsdatum": null,
      "stundensatz": "1.00",
      "sollstunden_woche": null,
      "ferien_pro_jahr": null,
      "aktiv": true,
      "notes": "",
      "created_at": "2025-11-21T08:32:26.716Z",
      "updated_at": "2025-11-25T08:19:53.177Z"
    }
  },
  {
    "model": "adeazeit.employeeinternal",
    "pk": 2,
    "fields": {
      "code": "EI",
      "name": "Eugen Ivanov",
      "function_title": "Mitarbeiter",
      "rolle": "Praktikant",
      "employment_percent": "80.00",
      "weekly_soll_hours": "40.00",
      "weekly_working_days": "5.0",
      "vacation_days_per_year": null,
      "work_canton": "AG",
      "holiday_model": "AIadmin",
      "employment_start": "2025-11-03",
      "employment_end": null,
      "eintrittsdatum": "2025-11-03",
      "austrittsdatum": null,
      "stundensatz": "0.50",
      "sollstunden_woche": null,
      "ferien_pro_jahr": null,
      "aktiv": true,
      "notes": "",
      "created_at": "2025-11-21T08:33:42.898Z",
      "updated_at": "2025-11-25T08:21:21.805Z"
    }
  },
  {
    "model": "adeazeit.servicetype",
    "pk": 1,
    "fields": {
      "code": "STE",
      "name": "Steuererklärung",
      "standard_rate": "130.00",
      "billable": true,
      "description": "",
      "created_at": "2025-11-21T08:21:47.230Z"
    }
  },
  {
    "model": "adeazeit.servicetype",
    "pk": 2,
    "fields": {
      "code": "FIBU",
      "name": "Laufende Finanzbuchhaltung",
      "standard_rate": "90.00",
      "billable": true,
      "description": "",
      "created_at": "2025-11-21T08:22:13.818Z"
    }
  },
  {
    "model": "adeazeit.servicetype",
    "pk": 3,
    "fields": {
      "code": "BERA",
      "name": "Allgemeine Beratung",
      "standard_rate": "130.00",
      "billable": true,
      "description": "",
      "created_at": "2025-11-21T08:22:36.468Z"
    }
  },
  {
    "model": "adeazeit.servicetype",
    "pk": 4,
    "fields": {
      "code": "LOHN",
      "name": "Lohnadministration",
      "standard_rate": "130.00",
      "billable": true,
      "description": "",
      "created_at": "2025-11-21T08:23:03.110Z"
    }
  },
  {
    "model": "adeazeit.servicetype",
    "pk": 5,
    "fields": {
      "code": "JA",
      "name": "Jahresabschluss",
      "standard_rate": "130.00",
      "billable": true,
      "description": "",
      "created_at": "2025-11-21T08:23:23.382Z"
    }
  },
  {
    "model": "adeazeit.servicetype",
    "pk": 6,
    "fields": {
      "code": "AVOR",
      "name": "Büroservice",
      "standard_rate": "75.00",
      "billable": true,
      "description": "",
      "created_at": "2025-11-21T08:23:45.221Z"
    }
  },
  {
    "model": "adeazeit.servicetype",
    "pk": 7,
    "fields": {
      "code": "MWST",
      "name": "MWST",
      "standard_rate": "130.00",
      "billable": true,
      "description": "",
      "created_at": "2025-11-21T08:24:01.072Z"
    }
  },
  {
    "model": "adeazeit.servicetype",
    "pk": 8,
    "fields": {
      "code": "INTE",
      "name": "Interne Arbeiten",
      "standard_rate": "0.00",
      "billable": false,
      "description": "",
      "created_at": "2025-11-21T08:24:19.936Z"
    }
  },
  {
    "model": "adeazeit.timeentry",
    "pk": 1,
    "fields": {
      "mitarbeiter": 1,
      "client": null,
      "project": null,
      "datum": "2025-11-21",
      "start": "09:35:00",
      "ende": "09:45:00",
      "dauer": "0.17",
      "service_type": 8,
      "kommentar": "test",
      "billable": false,
      "rate": "0.00",
      "betrag": "0.00",
      "created_at": "2025-11-21T08:53:53.437Z",
      "updated_at": "2025-11-21T09:41:06.073Z"
    }
  },
  {
    "model": "adeazeit.timeentry",
    "pk": 2,
    "fields": {
      "mitarbeiter": 1,
      "client": null,
      "project": null,
      "datum": "2025-11-21",
      "start": "08:45:00",
      "ende": "09:35:00",
      "dauer": "0.83",
      "service_type": 8,
      "kommentar": "Tools",
      "billable": false,
      "rate": "0.00",
      "betrag": "0.00",
      "created_at": "2025-11-21T08:58:11.346Z",
      "updated_at": "2025-11-21T08:58:11.346Z"
    }
  },
  {
    "model": "adeazeit.timeentry",
    "pk": 3,
    "fields": {
      "mitarbeiter": 1,
      "client": 9,
      "project": null,
      "datum": "2025-11-25",
      "start": "09:39:00",
      "ende": "10:26:00",
      "dauer": "0.78",
      "service_type": 2,
      "kommentar": "",
      "billable": true,
      "rate": "90.00",
      "betrag": "70.20",
      "created_at": "2025-11-25T09:26:53.495Z",
      "updated_at": "2025-11-25T09:26:53.495Z"
    }
  },
  {
    "model": "adeazeit.timeentry",
    "pk": 4,
    "fields": {
      "mitarbeiter": 1,
      "client": 7,
      "project": null,
      "datum": "2025-11-25",
      "start": "11:20:00",
      "ende": "11:30:00",
      "dauer": "0.17",
      "service_type": 5,
      "kommentar": "",
      "billable": true,
      "rate": "130.00",
      "betrag": "22.10",
      "created_at": "2025-11-25T10:30:26.466Z",
      "updated_at": "2025-11-25T10:30:26.466Z"
    }
  },
  {
    "model": "adeazeit.timeentry",
    "pk": 5,
    "fields": {
      "mitarbeiter": 1,
      "client": 7,
      "project": null,
      "datum": "2025-11-25",
      "start": "11:30:00",
      "ende": "11:55:00",
      "dauer": "0.42",
      "service_type": 1,
      "kommentar": "",
      "billable": true,
      "rate": "130.00",
      "betrag": "54.60",
      "created_at": "2025-11-25T10:55:10.084Z",
      "updated_at": "2025-11-25T10:55:10.084Z"
    }
  },
  {
    "model": "adeazeit.timeentry",
    "pk": 6,
    "fields": {
      "mitarbeiter": 1,
      "client": null,
      "project": null,
      "datum": "2025-11-25",
      "start": "11:55:00",
      "ende": "12:06:00",
      "dauer": "0.18",
      "service_type": 8,
      "kommentar": "Rechnung erstellen",
      "billable": false,
      "rate": "0.00",
      "betrag": "0.00",
      "created_at": "2025-11-25T11:06:53.522Z",
      "updated_at": "2025-11-25T11:06:53.522Z"
    }
  },
  {
    "model": "adeazeit.timeentry",
    "pk": 7,
    "fields": {
      "mitarbeiter": 1,
      "client": 2,
      "project": null,
      "datum": "2025-11-25",
      "start": "15:26:00",
      "ende": "16:00:00",
      "dauer": "0.57",
      "service_type": 1,
      "kommentar": "def. Veranlagung STE 2024 prüfen",
      "billable": true,
      "rate": "130.00",
      "betrag": "74.10",
      "created_at": "2025-11-25T15:49:32.054Z",
      "updated_at": "2025-11-25T15:49:32.054Z"
    }
  },
  {
    "model": "adeazeit.timeentry",
    "pk": 8,
    "fields": {
      "mitarbeiter": 1,
      "client": null,
      "project": null,
      "datum": "2025-11-26",
      "start": "08:38:00",
      "ende": "08:53:00",
      "dauer": "0.25",
      "service_type": 8,
      "kommentar": "AdeaTool entwicklung",
      "billable": false,
      "rate": "0.00",
      "betrag": "0.00",
      "created_at": "2025-11-26T07:53:16.888Z",
      "updated_at": "2025-11-26T11:03:41.338Z"
    }
  },
  {
    "model": "adeazeit.timeentry",
    "pk": 9,
    "fields": {
      "mitarbeiter": 1,
      "client": 2,
      "project": null,
      "datum": "2025-11-26",
      "start": "09:20:00",
      "ende": "09:43:00",
      "dauer": "0.38",
      "service_type": 1,
      "kommentar": "Einsprache zum Veranlagungsvorschlag",
      "billable": true,
      "rate": "130.00",
      "betrag": "49.40",
      "created_at": "2025-11-26T08:53:14.937Z",
      "updated_at": "2025-11-26T08:53:14.938Z"
    }
  },
  {
    "model": "adeazeit.timeentry",
    "pk": 10,
    "fields": {
      "mitarbeiter": 1,
      "client": 10,
      "project": null,
      "datum": "2025-11-26",
      "start": "16:00:00",
      "ende": "17:30:00",
      "dauer": "1.50",
      "service_type": 2,
      "kommentar": "PF- Transaktien abgleichen, verbuchen EUR PF Konto. E-Mail an Herr Corbe betr. Kostenstellen Einrichtung.",
      "billable": true,
      "rate": "90.00",
      "betrag": "135.00",
      "created_at": "2025-11-26T18:04:27.477Z",
      "updated_at": "2025-11-26T18:04:27.477Z"
    }
  },
  {
    "model": "adeazeit.timeentry",
    "pk": 11,
    "fields": {
      "mitarbeiter": 1,
      "client": 12,
      "project": null,
      "datum": "2025-12-01",
      "start": "09:30:00",
      "ende": "09:52:00",
      "dauer": "0.37",
      "service_type": 3,
      "kommentar": "Prüfung Mutationsunterlagen SBG: Kontrolle Abtretungsvertrag, Statutenentwurf, GV-Beschluss, Domizilerklärung und HR-Unterlagen; steuerliche Beurteilung (Schenkungssteuer-Risiko), Empfehlung symbolischer Kaufpreis; Prüfung Zweckänderung.",
      "billable": true,
      "rate": "130.00",
      "betrag": "48.10",
      "created_at": "2025-12-01T09:07:26.341Z",
      "updated_at": "2025-12-01T09:07:26.341Z"
    }
  },
  {
    "model": "adeazeit.task",
    "pk": 1,
    "fields": {
      "mitarbeiter": 1,
      "client": 8,
      "titel": "Steuererklärung AG 2024 erstellen",
      "beschreibung": "",
      "status": "OFFEN",
      "prioritaet": "MITTEL",
      "fälligkeitsdatum": "2025-12-05",
      "notizen": "",
      "erstellt_am": "2025-11-26T08:51:43.952Z",
      "erledigt_am": null,
      "updated_at": "2025-11-26T08:51:43.952Z"
    }
  },
  {
    "model": "adeazeit.task",
    "pk": 2,
    "fields": {
      "mitarbeiter": 1,
      "client": 10,
      "titel": "Buchhaltung in Bexio nachführen 1,2,3.Q.2025",
      "beschreibung": "",
      "status": "IN_ARBEIT",
      "prioritaet": "HOCH",
      "fälligkeitsdatum": "2025-11-28",
      "notizen": "Warte bis Herr Corbe Kostenstellen in bexio einrichtet",
      "erstellt_am": "2025-11-26T08:59:46.319Z",
      "erledigt_am": null,
      "updated_at": "2025-11-26T18:05:08.932Z"
    }
  },
  {
    "model": "adeazeit.task",
    "pk": 3,
    "fields": {
      "mitarbeiter": 1,
      "client": 9,
      "titel": "MWST-Anmeldung",
      "beschreibung": "",
      "status": "IN_ARBEIT",
      "prioritaet": "HOCH",
      "fälligkeitsdatum": "2025-11-26",
      "notizen": "Warte auf AHV Nr. von Herr Furrer",
      "erstellt_am": "2025-11-26T09:02:21.625Z",
      "erledigt_am": null,
      "updated_at": "2025-11-26T18:05:43.976Z"
    }
  },
  {
    "model": "adealohn.wagetype",
    "pk": 1,
    "fields": {
      "code": "GRUNDLOHN_MONAT",
      "name": "Grundlohn Monatslohn",
      "category": "GRUNDLOHN",
      "description": "",
      "is_lohnwirksam": true,
      "ahv_relevant": true,
      "alv_relevant": true,
      "bvg_relevant": true,
      "uv_relevant": true,
      "qst_relevant": true,
      "taxable": true,
      "is_active": true
    }
  },
  {
    "model": "adealohn.wagetype",
    "pk": 2,
    "fields": {
      "code": "GRUNDLOHN_STUNDEN",
      "name": "Grundlohn Stundenlohn",
      "category": "GRUNDLOHN",
      "description": "",
      "is_lohnwirksam": true,
      "ahv_relevant": true,
      "alv_relevant": true,
      "bvg_relevant": true,
      "uv_relevant": true,
      "qst_relevant": true,
      "taxable": true,
      "is_active": true
    }
  },
  {
    "model": "adealohn.wagetype",
    "pk": 3,
    "fields": {
      "code": "ZULAGE_NACHT",
      "name": "Nachtzulage",
      "category": "ZULAGE",
      "description": "",
      "is_lohnwirksam": true,
      "ahv_relevant": true,
      "alv_relevant": true,
      "bvg_relevant": true,
      "uv_relevant": true,
      "qst_relevant": true,
      "taxable": true,
      "is_active": true
    }
  },
  {
    "model": "adealohn.wagetype",
    "pk": 4,
    "fields": {
      "code": "ZULAGE_SCHICHT",
      "name": "Schichtzulage",
      "category": "ZULAGE",
      "description": "",
      "is_lohnwirksam": true,
      "ahv_relevant": true,
      "alv_relevant": true,
      "bvg_relevant": true,
      "uv_relevant": true,
      "qst_relevant": true,
      "taxable": true,
      "is_active": true
    }
  },
  {
    "model": "adealohn.wagetype",
    "pk": 5,
    "fields": {
      "code": "FAMILIENZULAGE",
      "name": "Familienzulage",
      "category": "FAMILIENZULAGE",
      "description": "Familienzulage (allgemein). QST-relevant, nicht AHV/ALV/UVG/BVG-relevant.",
      "is_lohnwirksam": true,
      "ahv_relevant": false,
      "alv_relevant": false,
      "bvg_relevant": false,
      "uv_relevant": false,
      "qst_relevant": true,
      "taxable": true,
      "is_active": true
    }
  },
  {
    "model": "adealohn.wagetype",
    "pk": 6,
    "fields": {
      "code": "SPESEN_EFFEKTIV",
      "name": "Spesen effektiv",
      "category": "SPESEN",
      "description": "",
      "is_lohnwirksam": true,
      "ahv_relevant": true,
      "alv_relevant": true,
      "bvg_relevant": true,
      "uv_relevant": true,
      "qst_relevant": true,
      "taxable": true,
      "is_active": true
    }
  },
  {
    "model": "adealohn.wagetype",
    "pk": 7,
    "fields": {
      "code": "PRIVATANTEIL_AUTO",
      "name": "Privatanteil Auto",
      "category": "SACHLEISTUNG",
      "description": "",
      "is_lohnwirksam": true,
      "ahv_relevant": true,
      "alv_relevant": true,
      "bvg_relevant": true,
      "uv_relevant": true,
      "qst_relevant": true,
      "taxable": true,
      "is_active": true
    }
  },
  {
    "model": "adealohn.wagetype",
    "pk": 8,
    "fields": {
      "code": "PRIVATANTEIL_TELEFON",
      "name": "Privatanteil Telefon",
      "category": "SACHLEISTUNG",
      "description": "",
      "is_lohnwirksam": true,
      "ahv_relevant": true,
      "alv_relevant": true,
      "bvg_relevant": true,
      "uv_relevant": true,
      "qst_relevant": true,
      "taxable": true,
      "is_active": true
    }
  },
  {
    "model": "adealohn.wagetype",
    "pk": 9,
    "fields": {
      "code": "KINDERZULAGE",
      "name": "Kinderzulage",
      "category": "FAMILIENZULAGE",
      "description": "Kinderzulage gemäss FamZG. QST-relevant, nicht AHV/ALV/UVG/BVG-relevant.",
      "is_lohnwirksam": true,
      "ahv_relevant": false,
      "alv_relevant": false,
      "bvg_relevant": false,
      "uv_relevant": false,
      "qst_relevant": true,
      "taxable": true,
      "is_active": true
    }
  },
  {
    "model": "adealohn.wagetype",
    "pk": 10,
    "fields": {
      "code": "AUSBILDUNGSZULAGE",
      "name": "Ausbildungszulage",
      "category": "FAMILIENZULAGE",
      "description": "Ausbildungszulage gemäss FamZG. QST-relevant, nicht AHV/ALV/UVG/BVG-relevant.",
      "is_lohnwirksam": true,
      "ahv_relevant": false,
      "alv_relevant": false,
      "bvg_relevant": false,
      "uv_relevant": false,
      "qst_relevant": true,
      "taxable": true,
      "is_active": true
    }
  },
  {
    "model": "adealohn.wagetype",
    "pk": 11,
    "fields": {
      "code": "SPESEN_PAUSCHALE_AHV_FREI",
      "name": "Spesen pauschal (AHV-frei)",
      "category": "SPESEN",
      "description": "Nur AHV-/steuerfrei bei genehmigtem Spesenreglement oder gemäss behördlicher Praxis.",
      "is_lohnwirksam": false,
      "ahv_relevant": false,
      "alv_relevant": false,
      "bvg_relevant": false,
      "uv_relevant": false,
      "qst_relevant": false,
      "taxable": false,
      "is_active": true
    }
  },
  {
    "model": "adealohn.wagetype",
    "pk": 12,
    "fields": {
      "code": "SPESEN_PAUSCHALE_AHV_PFLICHTIG",
      "name": "Spesen pauschal (AHV-pflichtig)",
      "category": "SPESEN",
      "description": "Pauschalspesen ohne genehmigtes Reglement: gelten als Lohn und sind AHV- / ALV- / UVG- / BVG- / QST-pflichtig. KTG wird über UV-Basis berechnet.",
      "is_lohnwirksam": true,
      "ahv_relevant": true,
      "alv_relevant": true,
      "bvg_relevant": true,
      "uv_relevant": true,
      "qst_relevant": true,
      "taxable": true,
      "is_active": true
    }
  }
]