[
  {
    "model": "auth.group",
    "pk": 1,
    "fields": {
      "name": "AdeaZeit Admin",
      "permissions": []
    }
  },
  {
    "model": "auth.group",
    "pk": 2,
    "fields": {
      "name": "AdeaZeit Manager",
      "permissions": []
    }
  },
  {
    "model": "auth.group",
    "pk": 3,
    "fields": {
      "name": "AdeaZeit Mitarbeiter",
      "permissions": []
    }
  },
  {
    "model": "auth.user",
    "pk": 1,
    "fields": {
      "password": "pbkdf2_sha256$870000$kIYhDDxGohdjP2ix2WQ9hz$JvKDWf26fwOKExlXF0YT8lSPSDZ9hMETRIdLJtr6nbQ=",
      "last_login": "2025-12-01T08:57:00.990Z",
      "is_superuser": true,
      "username": "Aivanova",
      "first_name": "",
      "last_name": "",
      "email": "alexandra@adea-treuhand.ch",
      "is_staff": true,
      "is_active": true,
      "date_joined": "2025-11-20T12:53:34.741Z",
      "groups": [],
      "user_permissions": []
    }
  },
  {
    "model": "auth.user",
    "pk": 2,
    "fields": {
      "password": "pbkdf2_sha256$870000$tl0uyhbI1Ihl1nAqDjksb5$kbkuGYHuL2I4kSlEigOJTi0MFbqjY/C3g1NEgXGPB+0=",
      "last_login": "2025-12-01T09:05:03.907Z",
      "is_superuser": false,
      "username": "ai",
      "first_name": "Alexandra",
      "last_name": "Ivanova",
      "email": "alexandra@adea-treuhand.ch",
      "is_staff": false,
      "is_active": true,
      "date_joined": "2025-11-25T08:19:53.258Z",
      "groups": [
        3
      ],
      "user_permissions": []
    }
  },
  {
    "model": "auth.user",
    "pk": 3,
    "fields": {
      "password": "pbkdf2_sha256$870000$wgcNx5mjd3Q4m9nKlbdolk$SCpmb4ii5X7FY2h1BbhGb3t14z9krE3ZiCMcejJxxug=",
      "last_login": null,
      "is_superuser": false,
      "username": "ei",
      "first_name": "Eugen",
      "last_name": "Ivanov",
      "email": "info@adea-treuhand.ch",
      "is_staff": false,
      "is_active": true,
      "date_joined": "2025-11-25T08:21:21.839Z",
      "groups": [
        3
      ],
      "user_permissions": []
    }
  },
  {
    "model": "adeacore.client",
    "pk": 1,
    "fields": {
      "name": "Test",
      "client_type": "FIRMA",
      "status": "AKTIV",
      "status_grund": "",
      "status_geaendert_am": null,
      "email": null,
      "phone": "",
      "kontaktperson_name": "",
      "street": "",
      "house_number": "",
      "zipcode": "",
      "city": "",
      "mwst_pflichtig": true,
      "mwst_nr": "",
      "rechnungs_email": null,
      "zahlungsziel_tage": 30,
      "geburtsdatum": null,
      "steuerkanton": "",
      "interne_notizen": "",
      "lohn_aktiv": true,
      "sachbearbeiter": null,
      "created_at": "2025-11-20T12:36:06.504Z",
      "updated_at": "2025-11-26T13:41:27.828Z"
    }
  },
  {
    "model": "adeacore.client",
    "pk": 2,
    "fields": {
      "name": "Lora Hinkel",
      "client_type": "FIRMA",
      "status": "AKTIV",
      "status_grund": "",
      "status_geaendert_am": null,
      "email": "Z0FBQUFBQnBKeUdfMS1VSjc5ZHVZR2UycXpoUjh1NHJWcFZJVExsR1RSZjYxeF9fVmNCVWd6czkyNFROUHE5R29ydDBRLU92djBPdFlkMzlJZURJeURObWJ2MW1YVkhRb1E9PQ==",
      "phone": "",
      "kontaktperson_name": "Alexander Hinkel",
      "street": "Z0FBQUFBQnBKeUdfS2NOajFGVVpWcDBsYnBqS01lS3R0TG9VSUtSYTVzZmVYSmViUkFabXduNk9nMWtMcXRQel9xdm1ZTWprRUduSmtVcC1aQUVCbTI1bTdnMXQ4OUVrV1E9PQ==",
      "house_number": "Z0FBQUFBQnBKeUdfRDJlMWlvYW10emlfc3YxUzFIeVcxRmREYVlYalhWLVJlckV3SFZ1ZjVfaF9kaV9Rb2FyQXNrWndjR2xJYWlleFdWS0d3UFhDOGlKaUk1R1VHZDBmc1E9PQ==",
      "zipcode": "Z0FBQUFBQnBKeUdfRmNZQWNjTDItWG1lcnF4WFhINWw5YWs1cmxUenlORUxzQ0dabkNYUjM1MzlqbU1BaE1GeFF1eTNaZFpFUWJsOUZYRzVwZkNKekt4d2tMaFA2ZlpKWWc9PQ==",
      "city": "Z0FBQUFBQnBKeUdfZ0RsT0RpcTJUM1ZXdW5GNWpLY0pxMkdBYTMxYWNpaFA2TmQ5cVJXWXpRcW9uQTJOdFVxYW1TTkEtNlZFS08xamZHem1TeG0teUUxT29xWUc1SG9mV3c9PQ==",
      "mwst_pflichtig": true,
      "mwst_nr": "Z0FBQUFBQnBKeUdfOVRqSVZXQ0stTmQtMnRKUjV1am91ekk5Sy1XUEN6UDlYVjBhMjVoaXdzbDh1U2diN0ZJZDZJM0x2cm5qeUFFejExcGRkQlBka2NRYkJfN3NwQmxudGc9PQ==",
      "rechnungs_email": null,
      "zahlungsziel_tage": 10,
      "geburtsdatum": null,
      "steuerkanton": "",
      "interne_notizen": "",
      "lohn_aktiv": false,
      "sachbearbeiter": null,
      "created_at": "2025-11-20T13:07:16.279Z",
      "updated_at": "2025-11-26T15:50:23.159Z"
    }
  },
  {
    "model": "adeacore.client",
    "pk": 3,
    "fields": {
      "name": "Gorshkov Trade House",
      "client_type": "FIRMA",
      "status": "AKTIV",
      "status_grund": "",
      "status_geaendert_am": null,
      "email": "Z0FBQUFBQnBKeUZSeUwycXlZYVo4dUlKaGtuTkcycWJsLVJVUVk5Z2pKaEVydFRZMTJhbnJVZUd1akVHOUF1b3dqS081eEZuZE53TWYxaHFPT0dKc1haMFd4UGQ3UzFkVnc9PQ==",
      "phone": "Z0FBQUFBQnBKeUZSanRvOFplc29ZbjJqejhOZEdHekRGMHFqcVROV0J6WHhheGZZVjE3OGFhSHRrQm1zcG41NDFCclZ3OWtTbC1PV3g4THlGN3dxX0FWaGhXaVlrTUZZS0o1U2dmakJINWotSEZ2OG9jN1J3Nzg9",
      "kontaktperson_name": "Andrey Gorshkov",
      "street": "Z0FBQUFBQnBKeUZSQmZQeFBXS3lLdnZQM0MwT3Ryckp5UmRjd2ozdjBjcTJBU1BzZFpJUWI5MnlNMkw4WFBoei1UU1JqOGM4WC1QZFd1SlQtejQzVDkzb3pMMXZScU84bVE9PQ==",
      "house_number": "Z0FBQUFBQnBKeUZSeENabkZUbjZfTTc1TENUeGp2bzFJczNCTDFNdnM1eTZCaXo0Q2pucWtfQ0RwQk53U0ZiejBqMGxhM2htOVhxNkxIaUFKanBFUnlVX293UTRxd3dFb1E9PQ==",
      "zipcode": "Z0FBQUFBQnBKeUZSdzBtc19reU1sWDRnYXA4c25OTVBkNFIyVFl5Y2NFRllJMGk3VzNFVXpsZi1oT2pvZ0JuTnh2UEhWUk1NcEkwa003dUdaY2FVcnpDUm9aUnZhZVhOM2c9PQ==",
      "city": "Z0FBQUFBQnBKeUZSUzVUVW9aVm0wS3V0V3ZzMlBTTndoQ2laeHV4cjZyNmZTSW9OblZBLVJjUTB4SW13ZUtBdzhDTmxnanlvMkRmM1RucDI3QnhYelRfYWxQMlN3a1RYQlE9PQ==",
      "mwst_pflichtig": true,
      "mwst_nr": "Z0FBQUFBQnBKeUZSQXpna1ZGNUJ2amJyckhhaFJSUEg3dFVpZkliY0syRjl5SFNZNjcwcUZmQUsxZ2pMd3BzODNwUUtCVU9JZlNwWmNKNldPYUI1VEYtYkhsRmhLZGxKenc9PQ==",
      "rechnungs_email": null,
      "zahlungsziel_tage": 10,
      "geburtsdatum": null,
      "steuerkanton": "",
      "interne_notizen": "",
      "lohn_aktiv": false,
      "sachbearbeiter": null,
      "created_at": "2025-11-20T13:21:20.451Z",
      "updated_at": "2025-11-26T15:48:33.714Z"
    }
  },
  {
    "model": "adeacore.client",
    "pk": 4,
    "fields": {
      "name": "RHC Invest GmbH",
      "client_type": "FIRMA",
      "status": "AKTIV",
      "status_grund": "",
      "status_geaendert_am": null,
      "email": "Z0FBQUFBQnBKeUxCRmQ4dWY3czV0My1ZRGM3d0FhRDJOZWpCbjRYMVlzVmxEbjF5R0ZtY19mVGxaM0lTbW9OVHp5TDZWVmwzMEl1M2kzSVBLaVNFQkJCSVJQT0hlZ0JheWtoaFJ5Z0o2dThtRm81T01wU2M0RmM9",
      "phone": "Z0FBQUFBQnBKeUxCaEdvSnBZRkJsVElhMmQ3YmN3RkRWU3VodE1yVDB4LVNkdmotWmc2b3R4UTNOUW5zVlpwaDdCUXUwOHltdTZxMTlYRzl5ekp0Y1ljVHQ5NVBXdTg0enc4VUo3eWpTUTBvVkgwalhWdF9WU1U9",
      "kontaktperson_name": "Rolf Hofmann",
      "street": "Z0FBQUFBQnBKeUxCUnFTY0FVYVZfU2tiNXhFbGVGMVR0ZV80ZGJzdXp3T0ppSnV6NFJWU1FCSnVaa0NEcExKNEVieThlNXhfcFVab3hZSzkzcHIyekVIRk9oTlNGS2theGc9PQ==",
      "house_number": "Z0FBQUFBQnBKeUxCTE9WU0laeXBJMmZRdHVuLUJKbGRnUGtfMWF4T21acGh3ODZZa01FY2J3ODZ1LWFJZUNwbzZaUkNOdGttU0VhaWFwSDZZamp3bl9qaEZCMjBUbWpldHc9PQ==",
      "zipcode": "Z0FBQUFBQnBKeUxCNHF1OFhHd3FsanVHcnRhbTJSQ2lsc09XOWU4VHJHS3N0NEw2STFwRG5GTTRkd3F6elk0WDh2RU8ySTF0dHNFdldkVkFDaVRzUXE5MW1ZbTBlSmU2aVE9PQ==",
      "city": "Z0FBQUFBQnBKeUxCcWRqNmJIZU1MWVZnUGhSa1M5WDY5SzJEMDdSQ3JPOWREUDBwNkVTb291ODV4UkNQYnZwQWQzcmU5THpRclVHUkpyb2g5U1dreF9jQnVOVXBLVVBXYVE9PQ==",
      "mwst_pflichtig": false,
      "mwst_nr": "Z0FBQUFBQnBKeUxCd0F4R1JkWkMzVTZ6aEpkTXY0MmdGX2FCWWM2STBFbTRvNGdvY2FYaDFZZVlQMTNmZlp4ekZMbFVHWnhiTEx5cUZaMVYxWjhCZVdlWGhLRmdVaXA0SVE9PQ==",
      "rechnungs_email": null,
      "zahlungsziel_tage": 10,
      "geburtsdatum": null,
      "steuerkanton": "",
      "interne_notizen": "",
      "lohn_aktiv": false,
      "sachbearbeiter": null,
      "created_at": "2025-11-20T13:25:01.702Z",
      "updated_at": "2025-11-26T15:54:41.608Z"
    }
  },
  {
    "model": "adeacore.client",
    "pk": 5,
    "fields": {
      "name": "Tennisschule Haymann",
      "client_type": "FIRMA",
      "status": "AKTIV",
      "status_grund": "",
      "status_geaendert_am": null,
      "email": "Z0FBQUFBQnBKeU0xXzdHQl8yMHpGSWVtbVktYzUzNlo3U2FWakRrbFc4alpab2REeEpsbUI1UnY3NVhEaWh3dlJNOHhSRjFpelI4ajdDOEZ2bS01NURqcGh2NGFWcmtObTVKaGhVcGYtTF9YMWxZVURnRThHTkk9",
      "phone": "Z0FBQUFBQnBKeU0xMlUtWDRMRnlQaUV2ZV9UREtkTTYzejJ6dm1hbmI1QkZHOVVWQ01KcUdxb1ViV19ja2FPR2dTeGpuM3ZjMDFxZHhETGhMZkJjNFRxVHp4YVVOQXAyNkwxSGkycWFOeENDV3M4ZExTSEdBVGM9",
      "kontaktperson_name": "Svenja Haymann",
      "street": "Z0FBQUFBQnBKeU0xaURlWE1wZWtFemViakxBNnRXU25YbXN6Vkh0X0pYVnhEd210emFWQ2t2dzZnN19LMlNaX0llZ3hGMkRSdjhSby0zaEpfRGhoZEFRenJBZnN6a1VoSkE9PQ==",
      "house_number": "Z0FBQUFBQnBKeU0xTUNYa094a2NtU1RSSENUZFQ1LVJTMTlfbEp5eHl6TVhseTB5ajl5Z0tnUmlWU05iVUhzX3h4TUpkb3RHOUZKLVRWTWpYaHpBWXlFU3hsUUhkdG8yVHc9PQ==",
      "zipcode": "Z0FBQUFBQnBKeU0xcWozZUFmUHFUYmlqZlZtdU1xRmtNNzk5V3d1aGpKUjdyN2dFcVRPWkFDZDcxd0Y3VDJJME05TEY0TlJzQXFFaTlPVGxpZ05VdGppa18yaGk1Z2dBemc9PQ==",
      "city": "Z0FBQUFBQnBKeU0xS00zQ196eWtFdGRycFRUNFRJTVpvVWxMQWxqN0M4amFzZ1ZSd3dicDk0eWVfZkhNSURERTRjcWpmYU5nSk9ES1o4OUZkbmVIZjQ2YXdUbWJzbjFQVWc9PQ==",
      "mwst_pflichtig": false,
      "mwst_nr": "",
      "rechnungs_email": null,
      "zahlungsziel_tage": 30,
      "geburtsdatum": null,
      "steuerkanton": "",
      "interne_notizen": "",
      "lohn_aktiv": false,
      "sachbearbeiter": null,
      "created_at": "2025-11-20T13:27:46.376Z",
      "updated_at": "2025-11-26T15:56:37.571Z"
    }
  },
  {
    "model": "adeacore.client",
    "pk": 6,
    "fields": {
      "name": "QMCert GmbH",
      "client_type": "FIRMA",
      "status": "AKTIV",
      "status_grund": "",
      "status_geaendert_am": null,
      "email": "Z0FBQUFBQnBKeUpRYzJ6Q3h0QnF1dk1nSzJuVGdQbGFxQUVESlp3ZDVvcUNwLWNXS2VVNERUajd4cjVIdXlaNW82V2tET1VkSl9DUFdqQXVkcHZtdWVZczJOV2R5NzJVdGNzSEFpQ2xWa09NYWdxR2xHc3N6ZUU9",
      "phone": "Z0FBQUFBQnBKeUpRUzItNV8xeWg4eC1CdEhTUV9SQmRjX3h2OGRxZkFYczlXRk5tN2pqOTFFS3R6Zm9ZN3hYaGRRZVItTU5pbktRUEdOUF9jbUtBb2k3MGxQTWZwQnlvblgzcU1PUEh6VkctZ211bGlIT0duOUE9",
      "kontaktperson_name": "Anastasia Schamberger",
      "street": "Z0FBQUFBQnBKeUpRNmtvbThZVmdmWTlzR3diTXQxaEE3OGxibUoxcS1PXzEyRjhWTDgxWlg0dERmbUhDdUFsZlBpNWwxVEw0M0JWQ2hvYzRmNWpjbXlpS2NyZk81ak1Scnc9PQ==",
      "house_number": "Z0FBQUFBQnBKeUpRS2JwXzhvTVlNTzlKb3lqUlB2Qm91MmgyMEszOFVpRHloWTJKLWhKWFVGU2FUMUF6YnVzbHAtMFZ4SzRIOXV5bVpldFVWRWVLWWlGQmUtNnpFVjVHOXc9PQ==",
      "zipcode": "Z0FBQUFBQnBKeUpRRFFSRHJuTm5PWWtjdnJDLTd4MGVJdHdtcDFtQXowaEUtWDkybjFWVTRsd0RTRjFmVDB3VTI0dDNaTWtqZW9WX3ByNHp4U0hVYzJpdDhOSGhVV0wzckE9PQ==",
      "city": "Z0FBQUFBQnBKeUpRWVFrVUU3NnZBSXFVVndDZUs3b0oxbHFtNnpzR3otQjltNl8wU2dUcmxKRkJjVnU1aUZEQUo0Q2gxNHdJRm1ZMVVXVHRxLTdiVTc5Zm9rNjl3aHJmRGc9PQ==",
      "mwst_pflichtig": true,
      "mwst_nr": "Z0FBQUFBQnBKeUpRazU3cTlrcm43QUdUZkNkdGZ6ejZBZjQxMFMtemxtUWRSbEtBNHpmYjU0ejlMdVBWUlJWU0VBTV9UeW5MeHVRV1dSd3M5NDZrMDh6cEJSYXl4TmZOTkE9PQ==",
      "rechnungs_email": null,
      "zahlungsziel_tage": 10,
      "geburtsdatum": null,
      "steuerkanton": "",
      "interne_notizen": "",
      "lohn_aktiv": true,
      "sachbearbeiter": 1,
      "created_at": "2025-11-20T13:30:38.533Z",
      "updated_at": "2025-11-26T15:52:48.355Z"
    }
  },
  {
    "model": "adeacore.client",
    "pk": 7,
    "fields": {
      "name": "Wasana Bunphang",
      "client_type": "FIRMA",
      "status": "AKTIV",
      "status_grund": "",
      "status_geaendert_am": null,
      "email": "Z0FBQUFBQnBKeVFhUWo5N2R4QzEwWlNUTkJYYWdXQUJyUFJjUXBKeE9NeXQ4eHM1SThPeWtBT3I5aFBTbXZmU2NPeWh4M2hTT1FGc2p2NWxVdTlvYkFNQWl0R0tCeDhlN0RvRUZvLWtHOXNoWmtKRldSN05mZHc9",
      "phone": "Z0FBQUFBQnBKeVFhUWVXbTZpem5oNERsdDgwME5ocUY4SEVHaGxxMnNPcmZIVUNkQWlVNW5nQ1c0Uk5vZG1obkVJcWNpcGVnV3o0M3MtWDFYeFhPd296S1RoRmZSY1BZTDQzVUNEdVQwRUNjUXBrWjdCbmxCcmc9",
      "kontaktperson_name": "Prompong Langnak",
      "street": "Z0FBQUFBQnBKeVFhMUhJYWdBUEpLSWlXSW5tNnBNMUdJTW1Ub203SVk5Mm5LdmxXbDdpellpMFJBR2lYalBkb1ZyRndYaDFSMU45bEo0QUpKRG5yOExPR2JtX3BUNlRtUmV1akllNlJOU093dXZvM2pxa3NRQkE9",
      "house_number": "Z0FBQUFBQnBKeVFhQWlOSzZ1VEhrQkpGMF9QaWJ3YzB6RnVmYm5vcFgtazRSVWlWdXF2cWhWYVZ3UC1GQ2tUQ1N0eGpQVU5Zdl9mYzRxMkRwMWZYRGJrUHp6cGQxSGszeXc9PQ==",
      "zipcode": "Z0FBQUFBQnBKeVFhMzdSQXRFaUExZjNCVHd1a25wRVN3NDd1TDd3SW9WUlR5NENVeXY4SjFzTWVrT25ETW1CSHpISS01S1llQUhQS1FHUl9SNVlycDM0bU1EckZxUVl6SHc9PQ==",
      "city": "Z0FBQUFBQnBKeVFhcDkzcnRYd3NCT1Q2SGJTMTNjRmRMT1hNNjk1ZjNiclZMYnpXSUt2RWlPelpaaTRoeUgxZW12Z01nWktiOGV6WmNrSi1HMkN1NndmM3JKU2lESFFITkE9PQ==",
      "mwst_pflichtig": false,
      "mwst_nr": "",
      "rechnungs_email": null,
      "zahlungsziel_tage": 30,
      "geburtsdatum": null,
      "steuerkanton": "",
      "interne_notizen": "",
      "lohn_aktiv": false,
      "sachbearbeiter": null,
      "created_at": "2025-11-25T08:25:57.970Z",
      "updated_at": "2025-11-26T16:00:26.834Z"
    }
  },
  {
    "model": "adeacore.client",
    "pk": 8,
    "fields": {
      "name": "Thomas und Marion Welti",
      "client_type": "PRIVAT",
      "status": "AKTIV",
      "status_grund": "",
      "status_geaendert_am": null,
      "email": null,
      "phone": "Z0FBQUFBQnBKeU9GNzF1N2szREJEZTlvNkFZQU9CcHpfd0JxaXZNa1MzY1dWUm1qSndBekNXMlZmcmV4Z2FQWTVxb0xOTG9yYTZpd2dBX2FMRVJ6VlJYbjhGUG5ORk9vUTBQT1l5ODg0cDRmQXlKT1h2WHBzVU09",
      "kontaktperson_name": "",
      "street": "Z0FBQUFBQnBKeU9GYkxiS0tpNjg5UVluQUREOTluNktwWFNBWEU3OGdrM1RwYThxZkZLamt5UmtoQUFoOTJiRU93UTNGU0RiNUUxWDdwQlJabGRWQ0JSaGJpQXdZWWNCREE9PQ==",
      "house_number": "Z0FBQUFBQnBKeU9GbnliRXhRNlpwc1A5QU1CaUR2eGcwZHNkV2ZiTGk3VXU2OUZrSjNRdEtRTEdEY2xMRzdEUWJXT3hITFUtc1lib0x0S1l1eWhST21ISjdzc0ZRUDRtcGc9PQ==",
      "zipcode": "Z0FBQUFBQnBKeU9GYWxfd3BpSkFyZUU5OG5OUXo2VExkQnVCdEoyZUtSeTlYTFJFWlUwYlAxNEY1Z3Zkd2NWOWFBRmVhdlRrMzR2LW0xVkFVcGp5MHhKQ1o1LVphYWRDMWc9PQ==",
      "city": "Z0FBQUFBQnBKeU9GanJTMWhEMk9LTnI2SnU4T3JsM0EtU29ueENaMXFuLWFZaWdIZERjQzEtb3BGVEdwWjNlVkJBbWdOSWtNMm5FUUNoS2RlcVluRzJzX3VIVWNoMXdWNUE9PQ==",
      "mwst_pflichtig": false,
      "mwst_nr": "",
      "rechnungs_email": null,
      "zahlungsziel_tage": 30,
      "geburtsdatum": null,
      "steuerkanton": "Z0FBQUFBQnBKeU9GYUFUN3k0bzlIUEZDajhOdXBydlBValZrc2pNUGlKc2VqVWZvaXQzZHdCRU1jWDRXRlZucnR0emUtU2g2X21HY2RwUzZFTk5VUXVMbDktZE1kZm1jaEE9PQ==",
      "interne_notizen": "",
      "lohn_aktiv": false,
      "sachbearbeiter": null,
      "created_at": "2025-11-25T08:27:40.247Z",
      "updated_at": "2025-11-26T15:57:57.902Z"
    }
  },
  {
    "model": "adeacore.client",
    "pk": 9,
    "fields": {
      "name": "Furrer Networks",
      "client_type": "FIRMA",
      "status": "AKTIV",
      "status_grund": "",
      "status_geaendert_am": null,
      "email": "Z0FBQUFBQnBKd3pGSVpJMEFFeWE0XzFqUEN2cDdRWU5PcVJCZXBjLU5qaWtVRkZNajJ3ek8xdFhUTzNTTExGRDA5YlBmUVNKdDRwYURlVFpHQmFodFlidE5HN3RiR2d5TUU0ZVBLOUdIdTNOYWZMSUlkY1Y4eGc9",
      "phone": "Z0FBQUFBQnBKd3pGTGFhSk5pWVJnTkNWanpIWHhYUS0yTFh0a2t4NGNLTEtTOHc0RGJuZkFMeGg3bTkxNU95MEFTRF9QVHlic1dJdkFpeWVURmhQOFlKeno2MHZvVkc0a0E9PQ==",
      "kontaktperson_name": "Aneta Caradiova",
      "street": "Z0FBQUFBQnBKd3pGQktyX1p4d25MUmMtZkR0TUVTX0h1ZUdVZ2NxdURHajJ1cU5ybHNoR0c2Rklmblp2bFdXZ3JIY29VY2dVbFNkdHNxeklfeXU0S2F5eTFSbFBvNHRSRFNMR3hkbGM3WDQ4SFAtX1RJYm1hNlE9",
      "house_number": "Z0FBQUFBQnBKd3pGNjFWM2ozcTJXR3E3QjVtRHRLUTV2eHp6WW05LWhNanQ2TkVnTzNxbG9BVEY4RV9wN0huOFllYjVEbmJGbGM5WVR3dUNhSTEwd2dHQkhrSHVyQlFOMWc9PQ==",
      "zipcode": "Z0FBQUFBQnBKd3pGdm5HazN0MEZZRFV4WEpoWUVILUlHM0QwLWNkUVJldkVFLXJ1SWp3eHNjcy05c3RqMHZTQVhHZ3BOaXZ1by12ZDJiMVYyclRRQVN1Rk5kcFRTU1NwbFE9PQ==",
      "city": "Z0FBQUFBQnBKd3pGc1pmcTFRbElXQTlWMkJNR0ZydWxkNmV1aUpsVDBLRmF6SDI5eHo5MGlMVDlZSGtRYTdxbVpVUVJmNjNsSEUxYThrWjlySTdxeHk5VVZ1MlgxSG1Qd3c9PQ==",
      "mwst_pflichtig": true,
      "mwst_nr": "Z0FBQUFBQnBKd3pGMWdydmx3a0xsLXJYdlFMQ3lsUi1OZU5EWHk1eHUwb01EaTRBWXR2eWxTWlFrNFBERVhDY01aQ01HdXo4WlJ6T3ptcXdqcVJBaHhvaEZ3NUt5dktVUlE9PQ==",
      "rechnungs_email": null,
      "zahlungsziel_tage": 10,
      "geburtsdatum": null,
      "steuerkanton": "",
      "interne_notizen": "",
      "lohn_aktiv": false,
      "sachbearbeiter": null,
      "created_at": "2025-11-25T08:31:17.193Z",
      "updated_at": "2025-11-26T14:20:53.433Z"
    }
  },
  {
    "model": "adeacore.client",
    "pk": 10,
    "fields": {
      "name": "Stolvations GmbH",
      "client_type": "FIRMA",
      "status": "AKTIV",
      "status_grund": "",
      "status_geaendert_am": "2025-11-26T15:13:02.367Z",
      "email": "Z0FBQUFBQnBKeHFIbGFBVEhWcEtHZFhmdVpYZzhBVHpkQlF6V19OeW9ELXFTc3B0N3pJcGp6QXdtQzJnR3hMQWJTRE1RZ28wOVhFVjBoV1JGT0s4S1gzQWpLYzByMnJHMjhyZUk3WGVpU01jeE1lUllJRmZBNlE9",
      "phone": "Z0FBQUFBQnBKeHFId2FhcVVTbXp1c2M0RXlhdzJWbzZSTXh4cFVuVF84UjROSllhTlRMM2JCakJ1N2Zzb1RpTDVCMVhxUWo5dkRVN1JDNzZlUVFrX0w0LWxIRnN4Yl9uZUx5RlR1QWFwVzAyRmJoY0lmOExlWDQ9",
      "kontaktperson_name": "Steffen Corbe",
      "street": "Z0FBQUFBQnBKeHFIbHZISzFGRUxwVUhVNHd6a0RBT2F4cGotaTZUV0QwV0E0cng2T21xS3lpNzRPa0toRVlLUS1ITVdHM1FfQzFaN3dQNlVranhjR205blVIa3FKeXJ4S1E9PQ==",
      "house_number": "Z0FBQUFBQnBKeHFIbmlwcHd1Uzl1MWs4TjlCWDlqY29ObXo3UWxsR19uMFZTenhnUUdmUW9NTmhRbFg0SzJpajFQaEplb3g4RlFMMWppZUZvcWRqMk54VEtoUTh1ZExhZGc9PQ==",
      "zipcode": "Z0FBQUFBQnBKeHFIYWZzdlJ0cDhpY3VOMEJJTEdWQTZsVlRtamZkQmMyYzFLXzVRaTZBSU9CcmJQOHE3MUwtZHZnWGZQOXdpaUtPZm9lcWc5ZlUtSk1wWnRWRVZYaGg2eFE9PQ==",
      "city": "Z0FBQUFBQnBKeHFIQXNZY2FiLWYxUGszTU9BMDFDb2J1MXR0NzlGb2tCVl9Cam5QN2gwNEF2c0RCdkJQaER5eXJ0UEVxa0czazNXaGlUcWtlUmc1YThMWUl0UXVXVFkyTEE9PQ==",
      "mwst_pflichtig": true,
      "mwst_nr": "Z0FBQUFBQnBKeHFIU2lybEsxdjJFckdsVHdxY1hmZlRTLVB1eEtoN2hwSDM3OXJLbzBPTEM4LUU0amJZLWFuLWdpV24zQlI1QjVTODRJVVpKa1gyRWt2SUxRYTBZaVB4ZkE9PQ==",
      "rechnungs_email": null,
      "zahlungsziel_tage": 10,
      "geburtsdatum": null,
      "steuerkanton": "",
      "interne_notizen": "",
      "lohn_aktiv": false,
      "sachbearbeiter": null,
      "created_at": "2025-11-26T08:55:44.229Z",
      "updated_at": "2025-11-26T15:19:35.186Z"
    }
  },
  {
    "model": "adeacore.client",
    "pk": 12,
    "fields": {
      "name": "Smart Bau Group GmbH",
      "client_type": "FIRMA",
      "status": "AKTIV",
      "status_grund": "",
      "status_geaendert_am": null,
      "email": null,
      "phone": "",
      "kontaktperson_name": "Aneta Dunko",
      "street": "",
      "house_number": "",
      "zipcode": "",
      "city": "",
      "mwst_pflichtig": false,
      "mwst_nr": "Z0FBQUFBQnBMVm96ZVdwV1E4Sk5QYVpvWjFnbjhaZDh2Q0dkbFhTcEhpcG9uckh5RXJkZ3FJTjNYZHFQRHNjZVFBZVYzZWx5RTVicWZQV0dCdVFoQlFxWWtGdzJkR21QQ1E9PQ==",
      "rechnungs_email": null,
      "zahlungsziel_tage": 30,
      "geburtsdatum": null,
      "steuerkanton": "",
      "interne_notizen": "",
      "lohn_aktiv": false,
      "sachbearbeiter": null,
      "created_at": "2025-12-01T09:04:51.097Z",
      "updated_at": "2025-12-01T09:04:51.097Z"
    }
  },
  {
    "model": "adeazeit.userprofile",
    "pk": 1,
    "fields": {
      "user": 2,
      "employee": 1,
      "created_at": "2025-11-25T08:19:54.285Z",
      "updated_at": "2025-11-25T08:19:54.286Z"
    }
  },
  {
    "model": "adeazeit.userprofile",
    "pk": 2,
    "fields": {
      "user": 3,
      "employee": 2,
      "created_at": "2025-11-25T08:21:22.685Z",
      "updated_at": "2025-11-25T08:21:22.686Z"
    }
  },
  {
    "model": "adeazeit.employeeinternal",
    "pk": 1,
    "fields": {
      "code": "AI",
      "name": "Alexandra Ivanova",
      "function_title": "Inhaberin",
      "rolle": "Fachfrau Finanz- und Rechnungswesen mit eidg. FA",
      "employment_percent": "60.00",
      "weekly_soll_hours": "40.00",
      "weekly_working_days": "5.0",
      "vacation_days_per_year": "65.00",
      "work_canton": "AG",
      "holiday_model": "AIadmin",
      "employment_start": "2019-03-01",
      "employment_end": null,
      "eintrittsdatum": "2019-03-01",
      "austrittsdatum": null,
      "stundensatz": "1.00",
      "sollstunden_woche": null,
      "ferien_pro_jahr": null,
      "aktiv": true,
      "notes": "",
      "created_at": "2025-11-21T08:32:26.716Z",
      "updated_at": "2025-11-25T08:19:53.177Z"
    }
  },
  {
    "model": "adeazeit.employeeinternal",
    "pk": 2,
    "fields": {
      "code": "EI",
      "name": "Eugen Ivanov",
      "function_title": "Mitarbeiter",
      "rolle": "Praktikant",
      "employment_percent": "80.00",
      "weekly_soll_hours": "40.00",
      "weekly_working_days": "5.0",
      "vacation_days_per_year": null,
      "work_canton": "AG",
      "holiday_model": "AIadmin",
      "employment_start": "2025-11-03",
      "employment_end": null,
      "eintrittsdatum": "2025-11-03",
      "austrittsdatum": null,
      "stundensatz": "0.50",
      "sollstunden_woche": null,
      "ferien_pro_jahr": null,
      "aktiv": true,
      "notes": "",
      "created_at": "2025-11-21T08:33:42.898Z",
      "updated_at": "2025-11-25T08:21:21.805Z"
    }
  },
  {
    "model": "adeazeit.servicetype",
    "pk": 1,
    "fields": {
      "code": "STE",
      "name": "Steuererklrung",
      "standard_rate": "130.00",
      "billable": true,
      "description": "",
      "created_at": "2025-11-21T08:21:47.230Z"
    }
  },
  {
    "model": "adeazeit.servicetype",
    "pk": 2,
    "fields": {
      "code": "FIBU",
      "name": "Laufende Finanzbuchhaltung",
      "standard_rate": "90.00",
      "billable": true,
      "description": "",
      "created_at": "2025-11-21T08:22:13.818Z"
    }
  },
  {
    "model": "adeazeit.servicetype",
    "pk": 3,
    "fields": {
      "code": "BERA",
      "name": "Allgemeine Beratung",
      "standard_rate": "130.00",
      "billable": true,
      "description": "",
      "created_at": "2025-11-21T08:22:36.468Z"
    }
  },
  {
    "model": "adeazeit.servicetype",
    "pk": 4,
    "fields": {
      "code": "LOHN",
      "name": "Lohnadministration",
      "standard_rate": "130.00",
      "billable": true,
      "description": "",
      "created_at": "2025-11-21T08:23:03.110Z"
    }
  },
  {
    "model": "adeazeit.servicetype",
    "pk": 5,
    "fields": {
      "code": "JA",
      "name": "Jahresabschluss",
      "standard_rate": "130.00",
      "billable": true,
      "description": "",
      "created_at": "2025-11-21T08:23:23.382Z"
    }
  },
  {
    "model": "adeazeit.servicetype",
    "pk": 6,
    "fields": {
      "code": "AVOR",
      "name": "Broservice",
      "standard_rate": "75.00",
      "billable": true,
      "description": "",
      "created_at": "2025-11-21T08:23:45.221Z"
    }
  },
  {
    "model": "adeazeit.servicetype",
    "pk": 7,
    "fields": {
      "code": "MWST",
      "name": "MWST",
      "standard_rate": "130.00",
      "billable": true,
      "description": "",
      "created_at": "2025-11-21T08:24:01.072Z"
    }
  },
  {
    "model": "adeazeit.servicetype",
    "pk": 8,
    "fields": {
      "code": "INTE",
      "name": "Interne Arbeiten",
      "standard_rate": "0.00",
      "billable": false,
      "description": "",
      "created_at": "2025-11-21T08:24:19.936Z"
    }
  },
  {
    "model": "adeazeit.timeentry",
    "pk": 1,
    "fields": {
      "mitarbeiter": 1,
      "client": null,
      "project": null,
      "datum": "2025-11-21",
      "start": "09:35:00",
      "ende": "09:45:00",
      "dauer": "0.17",
      "service_type": 8,
      "kommentar": "test",
      "billable": false,
      "rate": "0.00",
      "betrag": "0.00",
      "created_at": "2025-11-21T08:53:53.437Z",
      "updated_at": "2025-11-21T09:41:06.073Z"
    }
  },
  {
    "model": "adeazeit.timeentry",
    "pk": 2,
    "fields": {
      "mitarbeiter": 1,
      "client": null,
      "project": null,
      "datum": "2025-11-21",
      "start": "08:45:00",
      "ende": "09:35:00",
      "dauer": "0.83",
      "service_type": 8,
      "kommentar": "Tools",
      "billable": false,
      "rate": "0.00",
      "betrag": "0.00",
      "created_at": "2025-11-21T08:58:11.346Z",
      "updated_at": "2025-11-21T08:58:11.346Z"
    }
  },
  {
    "model": "adeazeit.timeentry",
    "pk": 3,
    "fields": {
      "mitarbeiter": 1,
      "client": 9,
      "project": null,
      "datum": "2025-11-25",
      "start": "09:39:00",
      "ende": "10:26:00",
      "dauer": "0.78",
      "service_type": 2,
      "kommentar": "",
      "billable": true,
      "rate": "90.00",
      "betrag": "70.20",
      "created_at": "2025-11-25T09:26:53.495Z",
      "updated_at": "2025-11-25T09:26:53.495Z"
    }
  },
  {
    "model": "adeazeit.timeentry",
    "pk": 4,
    "fields": {
      "mitarbeiter": 1,
      "client": 7,
      "project": null,
      "datum": "2025-11-25",
      "start": "11:20:00",
      "ende": "11:30:00",
      "dauer": "0.17",
      "service_type": 5,
      "kommentar": "",
      "billable": true,
      "rate": "130.00",
      "betrag": "22.10",
      "created_at": "2025-11-25T10:30:26.466Z",
      "updated_at": "2025-11-25T10:30:26.466Z"
    }
  },
  {
    "model": "adeazeit.timeentry",
    "pk": 5,
    "fields": {
      "mitarbeiter": 1,
      "client": 7,
      "project": null,
      "datum": "2025-11-25",
      "start": "11:30:00",
      "ende": "11:55:00",
      "dauer": "0.42",
      "service_type": 1,
      "kommentar": "",
      "billable": true,
      "rate": "130.00",
      "betrag": "54.60",
      "created_at": "2025-11-25T10:55:10.084Z",
      "updated_at": "2025-11-25T10:55:10.084Z"
    }
  },
  {
    "model": "adeazeit.timeentry",
    "pk": 6,
    "fields": {
      "mitarbeiter": 1,
      "client": null,
      "project": null,
      "datum": "2025-11-25",
      "start": "11:55:00",
      "ende": "12:06:00",
      "dauer": "0.18",
      "service_type": 8,
      "kommentar": "Rechnung erstellen",
      "billable": false,
      "rate": "0.00",
      "betrag": "0.00",
      "created_at": "2025-11-25T11:06:53.522Z",
      "updated_at": "2025-11-25T11:06:53.522Z"
    }
  },
  {
    "model": "adeazeit.timeentry",
    "pk": 7,
    "fields": {
      "mitarbeiter": 1,
      "client": 2,
      "project": null,
      "datum": "2025-11-25",
      "start": "15:26:00",
      "ende": "16:00:00",
      "dauer": "0.57",
      "service_type": 1,
      "kommentar": "def. Veranlagung STE 2024 prfen",
      "billable": true,
      "rate": "130.00",
      "betrag": "74.10",
      "created_at": "2025-11-25T15:49:32.054Z",
      "updated_at": "2025-11-25T15:49:32.054Z"
    }
  },
  {
    "model": "adeazeit.timeentry",
    "pk": 8,
    "fields": {
      "mitarbeiter": 1,
      "client": null,
      "project": null,
      "datum": "2025-11-26",
      "start": "08:38:00",
      "ende": "08:53:00",
      "dauer": "0.25",
      "service_type": 8,
      "kommentar": "AdeaTool entwicklung",
      "billable": false,
      "rate": "0.00",
      "betrag": "0.00",
      "created_at": "2025-11-26T07:53:16.888Z",
      "updated_at": "2025-11-26T11:03:41.338Z"
    }
  },
  {
    "model": "adeazeit.timeentry",
    "pk": 9,
    "fields": {
      "mitarbeiter": 1,
      "client": 2,
      "project": null,
      "datum": "2025-11-26",
      "start": "09:20:00",
      "ende": "09:43:00",
      "dauer": "0.38",
      "service_type": 1,
      "kommentar": "Einsprache zum Veranlagungsvorschlag",
      "billable": true,
      "rate": "130.00",
      "betrag": "49.40",
      "created_at": "2025-11-26T08:53:14.937Z",
      "updated_at": "2025-11-26T08:53:14.938Z"
    }
  },
  {
    "model": "adeazeit.timeentry",
    "pk": 10,
    "fields": {
      "mitarbeiter": 1,
      "client": 10,
      "project": null,
      "datum": "2025-11-26",
      "start": "16:00:00",
      "ende": "17:30:00",
      "dauer": "1.50",
      "service_type": 2,
      "kommentar": "PF- Transaktien abgleichen, verbuchen EUR PF Konto. E-Mail an Herr Corbe betr. Kostenstellen Einrichtung.",
      "billable": true,
      "rate": "90.00",
      "betrag": "135.00",
      "created_at": "2025-11-26T18:04:27.477Z",
      "updated_at": "2025-11-26T18:04:27.477Z"
    }
  },
  {
    "model": "adeazeit.timeentry",
    "pk": 11,
    "fields": {
      "mitarbeiter": 1,
      "client": 12,
      "project": null,
      "datum": "2025-12-01",
      "start": "09:30:00",
      "ende": "09:52:00",
      "dauer": "0.37",
      "service_type": 3,
      "kommentar": "Prfung Mutationsunterlagen SBG: Kontrolle Abtretungsvertrag, Statutenentwurf, GV-Beschluss, Domizilerklrung und HR-Unterlagen; steuerliche Beurteilung (Schenkungssteuer-Risiko), Empfehlung symbolischer Kaufpreis; Prfung Zwecknderung.",
      "billable": true,
      "rate": "130.00",
      "betrag": "48.10",
      "created_at": "2025-12-01T09:07:26.341Z",
      "updated_at": "2025-12-01T09:07:26.341Z"
    }
  },
  {
    "model": "adeazeit.task",
    "pk": 1,
    "fields": {
      "mitarbeiter": 1,
      "client": 8,
      "titel": "Steuererklrung AG 2024 erstellen",
      "beschreibung": "",
      "status": "OFFEN",
      "prioritaet": "MITTEL",
      "flligkeitsdatum": "2025-12-05",
      "notizen": "",
      "erstellt_am": "2025-11-26T08:51:43.952Z",
      "erledigt_am": null,
      "updated_at": "2025-11-26T08:51:43.952Z"
    }
  },
  {
    "model": "adeazeit.task",
    "pk": 2,
    "fields": {
      "mitarbeiter": 1,
      "client": 10,
      "titel": "Buchhaltung in Bexio nachfhren 1,2,3.Q.2025",
      "beschreibung": "",
      "status": "IN_ARBEIT",
      "prioritaet": "HOCH",
      "flligkeitsdatum": "2025-11-28",
      "notizen": "Warte bis Herr Corbe Kostenstellen in bexio einrichtet",
      "erstellt_am": "2025-11-26T08:59:46.319Z",
      "erledigt_am": null,
      "updated_at": "2025-11-26T18:05:08.932Z"
    }
  },
  {
    "model": "adeazeit.task",
    "pk": 3,
    "fields": {
      "mitarbeiter": 1,
      "client": 9,
      "titel": "MWST-Anmeldung",
      "beschreibung": "",
      "status": "IN_ARBEIT",
      "prioritaet": "HOCH",
      "flligkeitsdatum": "2025-11-26",
      "notizen": "Warte auf AHV Nr. von Herr Furrer",
      "erstellt_am": "2025-11-26T09:02:21.625Z",
      "erledigt_am": null,
      "updated_at": "2025-11-26T18:05:43.976Z"
    }
  },
  {
    "model": "adealohn.wagetype",
    "pk": 1,
    "fields": {
      "code": "GRUNDLOHN_MONAT",
      "name": "Grundlohn Monatslohn",
      "category": "GRUNDLOHN",
      "description": "",
      "is_lohnwirksam": true,
      "ahv_relevant": true,
      "alv_relevant": true,
      "bvg_relevant": true,
      "uv_relevant": true,
      "qst_relevant": true,
      "taxable": true,
      "is_active": true
    }
  },
  {
    "model": "adealohn.wagetype",
    "pk": 2,
    "fields": {
      "code": "GRUNDLOHN_STUNDEN",
      "name": "Grundlohn Stundenlohn",
      "category": "GRUNDLOHN",
      "description": "",
      "is_lohnwirksam": true,
      "ahv_relevant": true,
      "alv_relevant": true,
      "bvg_relevant": true,
      "uv_relevant": true,
      "qst_relevant": true,
      "taxable": true,
      "is_active": true
    }
  },
  {
    "model": "adealohn.wagetype",
    "pk": 3,
    "fields": {
      "code": "ZULAGE_NACHT",
      "name": "Nachtzulage",
      "category": "ZULAGE",
      "description": "",
      "is_lohnwirksam": true,
      "ahv_relevant": true,
      "alv_relevant": true,
      "bvg_relevant": true,
      "uv_relevant": true,
      "qst_relevant": true,
      "taxable": true,
      "is_active": true
    }
  },
  {
    "model": "adealohn.wagetype",
    "pk": 4,
    "fields": {
      "code": "ZULAGE_SCHICHT",
      "name": "Schichtzulage",
      "category": "ZULAGE",
      "description": "",
      "is_lohnwirksam": true,
      "ahv_relevant": true,
      "alv_relevant": true,
      "bvg_relevant": true,
      "uv_relevant": true,
      "qst_relevant": true,
      "taxable": true,
      "is_active": true
    }
  },
  {
    "model": "adealohn.wagetype",
    "pk": 5,
    "fields": {
      "code": "FAMILIENZULAGE",
      "name": "Familienzulage",
      "category": "FAMILIENZULAGE",
      "description": "Familienzulage (allgemein). QST-relevant, nicht AHV/ALV/UVG/BVG-relevant.",
      "is_lohnwirksam": true,
      "ahv_relevant": false,
      "alv_relevant": false,
      "bvg_relevant": false,
      "uv_relevant": false,
      "qst_relevant": true,
      "taxable": true,
      "is_active": true
    }
  },
  {
    "model": "adealohn.wagetype",
    "pk": 6,
    "fields": {
      "code": "SPESEN_EFFEKTIV",
      "name": "Spesen effektiv",
      "category": "SPESEN",
      "description": "",
      "is_lohnwirksam": true,
      "ahv_relevant": true,
      "alv_relevant": true,
      "bvg_relevant": true,
      "uv_relevant": true,
      "qst_relevant": true,
      "taxable": true,
      "is_active": true
    }
  },
  {
    "model": "adealohn.wagetype",
    "pk": 7,
    "fields": {
      "code": "PRIVATANTEIL_AUTO",
      "name": "Privatanteil Auto",
      "category": "SACHLEISTUNG",
      "description": "",
      "is_lohnwirksam": true,
      "ahv_relevant": true,
      "alv_relevant": true,
      "bvg_relevant": true,
      "uv_relevant": true,
      "qst_relevant": true,
      "taxable": true,
      "is_active": true
    }
  },
  {
    "model": "adealohn.wagetype",
    "pk": 8,
    "fields": {
      "code": "PRIVATANTEIL_TELEFON",
      "name": "Privatanteil Telefon",
      "category": "SACHLEISTUNG",
      "description": "",
      "is_lohnwirksam": true,
      "ahv_relevant": true,
      "alv_relevant": true,
      "bvg_relevant": true,
      "uv_relevant": true,
      "qst_relevant": true,
      "taxable": true,
      "is_active": true
    }
  },
  {
    "model": "adealohn.wagetype",
    "pk": 9,
    "fields": {
      "code": "KINDERZULAGE",
      "name": "Kinderzulage",
      "category": "FAMILIENZULAGE",
      "description": "Kinderzulage gemss FamZG. QST-relevant, nicht AHV/ALV/UVG/BVG-relevant.",
      "is_lohnwirksam": true,
      "ahv_relevant": false,
      "alv_relevant": false,
      "bvg_relevant": false,
      "uv_relevant": false,
      "qst_relevant": true,
      "taxable": true,
      "is_active": true
    }
  },
  {
    "model": "adealohn.wagetype",
    "pk": 10,
    "fields": {
      "code": "AUSBILDUNGSZULAGE",
      "name": "Ausbildungszulage",
      "category": "FAMILIENZULAGE",
      "description": "Ausbildungszulage gemss FamZG. QST-relevant, nicht AHV/ALV/UVG/BVG-relevant.",
      "is_lohnwirksam": true,
      "ahv_relevant": false,
      "alv_relevant": false,
      "bvg_relevant": false,
      "uv_relevant": false,
      "qst_relevant": true,
      "taxable": true,
      "is_active": true
    }
  },
  {
    "model": "adealohn.wagetype",
    "pk": 11,
    "fields": {
      "code": "SPESEN_PAUSCHALE_AHV_FREI",
      "name": "Spesen pauschal (AHV-frei)",
      "category": "SPESEN",
      "description": "Nur AHV-/steuerfrei bei genehmigtem Spesenreglement oder gemss behrdlicher Praxis.",
      "is_lohnwirksam": false,
      "ahv_relevant": false,
      "alv_relevant": false,
      "bvg_relevant": false,
      "uv_relevant": false,
      "qst_relevant": false,
      "taxable": false,
      "is_active": true
    }
  },
  {
    "model": "adealohn.wagetype",
    "pk": 12,
    "fields": {
      "code": "SPESEN_PAUSCHALE_AHV_PFLICHTIG",
      "name": "Spesen pauschal (AHV-pflichtig)",
      "category": "SPESEN",
      "description": "Pauschalspesen ohne genehmigtes Reglement: gelten als Lohn und sind AHV- / ALV- / UVG- / BVG- / QST-pflichtig. KTG wird ber UV-Basis berechnet.",
      "is_lohnwirksam": true,
      "ahv_relevant": true,
      "alv_relevant": true,
      "bvg_relevant": true,
      "uv_relevant": true,
      "qst_relevant": true,
      "taxable": true,
      "is_active": true
    }
  }
]